{
	"groups":[
	{
		"keys":"barbright,bardark",
		"name":"preload"
	},
	{
		"keys":"x1,x10,x11,x12,x13,x14,x15,x16,x17,x18,x19,x2,x20,x21,x22,x23,x24,x25,x26,x27,x28,x29,x3,x30,x4,x5,x6,x7,x8,x9",
		"name":"x30"
	},
	{
		"keys":"",
		"name":""
	}],
	"resources":[
	{
		"name":"barbright",
		"type":"image",
		"url":"assets/barbright.png"
	},
	{
		"name":"bardark",
		"type":"image",
		"url":"assets/bardark.png"
	},
	{
		"name":"x1",
		"type":"image",
		"url":"assets/x30/x1.png"
	},
	{
		"name":"x10",
		"type":"image",
		"url":"assets/x30/x10.png"
	},
	{
		"name":"x11",
		"type":"image",
		"url":"assets/x30/x11.png"
	},
	{
		"name":"x12",
		"type":"image",
		"url":"assets/x30/x12.png"
	},
	{
		"name":"x13",
		"type":"image",
		"url":"assets/x30/x13.png"
	},
	{
		"name":"x14",
		"type":"image",
		"url":"assets/x30/x14.png"
	},
	{
		"name":"x15",
		"type":"image",
		"url":"assets/x30/x15.png"
	},
	{
		"name":"x16",
		"type":"image",
		"url":"assets/x30/x16.png"
	},
	{
		"name":"x17",
		"type":"image",
		"url":"assets/x30/x17.png"
	},
	{
		"name":"x18",
		"type":"image",
		"url":"assets/x30/x18.png"
	},
	{
		"name":"x19",
		"type":"image",
		"url":"assets/x30/x19.png"
	},
	{
		"name":"x2",
		"type":"image",
		"url":"assets/x30/x2.png"
	},
	{
		"name":"x20",
		"type":"image",
		"url":"assets/x30/x20.png"
	},
	{
		"name":"x21",
		"type":"image",
		"url":"assets/x30/x21.png"
	},
	{
		"name":"x22",
		"type":"image",
		"url":"assets/x30/x22.png"
	},
	{
		"name":"x23",
		"type":"image",
		"url":"assets/x30/x23.png"
	},
	{
		"name":"x24",
		"type":"image",
		"url":"assets/x30/x24.png"
	},
	{
		"name":"x25",
		"type":"image",
		"url":"assets/x30/x25.png"
	},
	{
		"name":"x26",
		"type":"image",
		"url":"assets/x30/x26.png"
	},
	{
		"name":"x27",
		"type":"image",
		"url":"assets/x30/x27.png"
	},
	{
		"name":"x28",
		"type":"image",
		"url":"assets/x30/x28.png"
	},
	{
		"name":"x29",
		"type":"image",
		"url":"assets/x30/x29.png"
	},
	{
		"name":"x3",
		"type":"image",
		"url":"assets/x30/x3.png"
	},
	{
		"name":"x30",
		"type":"image",
		"url":"assets/x30/x30.png"
	},
	{
		"name":"x4",
		"type":"image",
		"url":"assets/x30/x4.png"
	},
	{
		"name":"x5",
		"type":"image",
		"url":"assets/x30/x5.png"
	},
	{
		"name":"x6",
		"type":"image",
		"url":"assets/x30/x6.png"
	},
	{
		"name":"x7",
		"type":"image",
		"url":"assets/x30/x7.png"
	},
	{
		"name":"x8",
		"type":"image",
		"url":"assets/x30/x8.png"
	},
	{
		"name":"x9",
		"type":"image",
		"url":"assets/x30/x9.png"
	}]
}